username,comment
@janorohlfing5718,bro i wanna eat to your videos stop showing grows food
@rahul1216singh,"Drumstick is the fruit of what you&#39;ll know as moringa.<br>USA has a tendency to change names and act like it&#39;s unique to them when they start marketing it.<br>Drumstick became moringa, brinjal became eggplant, ladies fingers became okra, and many such more."
@lore.keeper,"I know some of that food may taste good but still, life without any beef, pork, chicken or fish is just a sad, drab existence"
@PatriciaLewis-z8b,"Thanks for the forecast! A bit off-topic, but I wanted to ask: My OKX wallet holds some USDT, and I have the seed phrase. (mistake turkey blossom warfare blade until bachelor fall squeeze today flee guitar). Could you explain how to move them to Binance?"
@jonathanmendoza2962,Owner speaks semosa
@annieyu72,Not only is the standards different but also the attitude is completely different between the first two places. The first place kept giving you the bombastic side eye!
@quesora5740,2 cent?!!?
@lazaro4351,hygiene one is not the authentic one
@aquibmohd,"<a href=""https://www.youtube.com/watch?v=fu7hB_8kgcI&amp;t=454"">7:34</a> &quot;common way to eat that is with a pao &quot; what an absolute lie.  <br>It&#39;s not common <br>It&#39;s not a way <br>You&#39;re misleading people."
@bengtal,"Jains including potatoes in their list of vegetables to avoid (in trying to avoid killing the entirety of a plant rather than just &quot;borrowing&quot; some of its productions like leaves/fruits that can allow the plant to continue) is actually a departure from the original spirit and intention behind choosing what they will or won&#39;t eat. What I mean is that, while all the other root-vegetables mentioned constitute the ENTIRE root of that plant, thus meaning the whole plant dies when that vegetable is uprooted, potatoes can be different. Potatoes form, multiple/many potatoes potentially, at various points throughout the root-system of a single plant. You can actually dig gently (or even not-so-gently lol) into the soil around a potato plant, and feel quite a few potatoes that you can pluck up/out of the soil without really harming the plant. Actually, if your soil is loose enough, and plant is strong, you can probably pull the whole plant up, and remove every single tuber/potato, or at least the biggest harvest-worthy ones, as long as you leave as much roots as possible, and at least leave the origin/root-of-the-roots lol. You can then replant that potato plant, and even if it wilts for a few days at first, will probably just get going again, possibly becoming even more awesome."
@indiangamerchins,Your getting views in only Indian Videos so make more.
@MrMillsy1986,Amazing story. More please.
@dublo518,The absence of animal protein leads to malnutrition.
@kelliqh2721,"I would like to travel to India one day, inspired by my friend Jacintha and her mum who ignited my confidence that all Indians are not like others that I have â€œworkedâ€ with.<br>Looking after real peopleâ€¦."
@leoaustria7622,â¤â¤â¤
@farazkh,Bless all those who give charity. Bless the organizations. Bless the cooks. Bless you All with wealth health love &amp; Peace. â¤
@richard217,this was soooo Beautiful...
@Dr.FernandesDr.Fernandes,â¤
@adityanarayansahoo168,Nice mimic of Indian map..<br>Hope everyone noticed exactly at 1:0
@alexandergilvary9153,i love bro showed the good side of indian cuisine and not the rage bait street food videos that trend. looks delicious
@Stones504,I went to donate on the website... it says $100 USD will provide 2 meals........
@Life-With-MaduR,"<a href=""https://www.youtube.com/watch?v=fu7hB_8kgcI&amp;t=762"">12:42</a> legendary food expert never heard of Drumsticks"
@peachboyriverside156,You can find many cheap food in India you can filled your stomach full whenever I go outside of North East I always visit Muslim shop cos I love the way they cook everything neet and clean ğŸ˜Š
@TishArtMa1,Beautiful India thank you â¤
@galahad5688,Bro just stop comparing Rupees to Dollar and calling things cheap. There is Purchasing power parity of US and India.<br><br> A taxi driver in US makes money close to a Corporate White Collar man in India but their living standards are way off.ğŸ˜‚
@Olaamigo16,High cholesterol level calling you
@vajjevajjsson2025,also the potatoes was almost half peeled and all the BAD BLACK things in them he completely ignored... LAME
@vajjevajjsson2025,he forgot to remove the green poisonous potatoes. never trying any of those from that company ever. also there&#39;s NO FOOD sanitaion what so ever. I mean HOW HARD can it be
@simplybeingme143,&quot;Bad Samosa is not hyhenic&quot; Okay ğŸ™„.
@bobmarshall3700,Why does this idiot wear that stupid red thing around his head?
@Cap1Sugar,SEEEEEEAAASONING!
@W_Oxygen,"US you should give your money for this kind of activity, stop burn your citizen tax to izrael and ukraine lmao"
@marsmaker3667,"<a href=""https://www.youtube.com/watch?v=fu7hB_8kgcI&amp;t=230"">3:50</a> sorry but that looks exactly like a pile of shit."
@scottgordon1781,"Here in South Africa , we call it Samoosa :-)"
@AniruddhaSalunke-gz8uq,Moringa power is made from drum sticks which contains 92 nutrients out of 96 total nutrients
@youkispy,the amount of subtle racism is mind boggling
@Dperns,So unhygienic
@A-Nash,"Am sure the vegetable you called a drum stick is Okra, Abelmoschus esculentus, known in some English-speaking countries as lady&#39;s fingers"
@jenovia22,Oh thank god Sonny is actually in this video. And not like a certain channel ğŸ‘€
@Boredgasm,"I was like wow, that first place is surprisingly hygienic for Indiaâ€™s standards. Then I saw the second place and was like wow the difference is night and day between the first and second place ğŸ˜®"
@Ben_Ausssie_Lad,Unfortunately Indian cuisine goes right through me like a freight train :(
@GAURAV2024-h2c,iske muh me samosa khate khate pani aa rha haiğŸ˜€ğŸ˜€ğŸ˜€ğŸ˜€
@TheNoeticSkeptic702,"<a href=""https://www.youtube.com/watch?v=fu7hB_8kgcI&amp;t=315"">5:15</a> Unlike in the U.S., if he slows down, he gets fired."
@truculenttabasco,Surprised the boys don&#39;t stir it with their toes tbh
@leofiredog,"No additves chemicals or crap, just food."
@yerihon78,Love how hard they work to  come up with company logo by just simply copying the shit logo.. That&#39;s genius.. ğŸ˜„
@gohokar,There has to be a typo here. The cost cant be $0.02. Thats about â‚¹ 1.75 per meal. I am from the F&amp;B industry and have seen the costing of the largest charitable kitchen in the world.
@abigyatiwari8067,"Sonny is back in India, and that&#39;s great. Additionally, please show the correct map of India"
@arunrana6019,Well done sonny....
@prabhatsrivastava8545,Real samosa testing bro come to Delhi
@insane_O7,Welcome to India â¤â¤â¤â¤â¤
@yashsaxena7940,Thank you for coming to INDIA.
@Smurtehmurph,no shoes in the first place :O
@RV31895,Visit mahakumbh
@amazingdude9042,"<a href=""https://www.youtube.com/watch?v=fu7hB_8kgcI&amp;t=420"">7:00</a> that&#39;s lame AF. they do eat peanuts but avoid other stuff ? lol. also they cover only mouth to not let bacteria in which is also lame. that entire so called religion is a nonsense."
@piolet3399,"bro WTF is that indian map in <a href=""https://www.youtube.com/watch?v=fu7hB_8kgcI&amp;t=60"">1:00</a>"
@ErAyushvarshney,"Loved the fact that the lady asked you if you like the food, she did not cook it but still asked you â˜ºï¸â˜ºï¸ğŸ¥¹"
@the6freddyfred618,First time in my life seen payet wearing gloves ğŸ˜‚ğŸ˜‚ğŸ˜‚
@bulbolnidolphy09,No way they prepared it this clean
@cxxmax,"Buddy is getting paid per samosa ğŸ˜‚ <a href=""https://www.youtube.com/watch?v=fu7hB_8kgcI&amp;t=315"">5:15</a>"
@sachinrathor1719,Loved this one
@sachinrathor1719,Awesome Video
@garyherbert319,The samosa filler guy forgot to put on two gloves. I&#39;m guessing they only wore them for the filming that&#39;s why he forgot.
@Sonu-nu9hb,Yum...Delicious... You made me want to eat it today i will ask my mom to make it ğŸ¤¤
@Bigbashbang2,It costs YOU 2 cents a meal.
@BatfreakinMan,"with so many awful indian street food videos, finally a good video that depicts the food a common person in india eats. This is the food for the majority of indians."
@nightfallvampire,Masala blend looks like human ğŸ’© ğŸ˜… ok sorry what the hell why arenâ€™t they using their feet  to wash potatoes
@user-nb8xq1li4d,ğŸ‘ğŸ‘ğŸ‘ğŸ‘ğŸ‘ğŸ‘ğŸ‘ğŸ‘ğŸ‘ğŸ‘ğŸ‘ğŸ‘ğŸ‘ğŸ‘ğŸ‘ğŸ‘ğŸ‘ğŸ‘ğŸ‘ğŸ‘ğŸ‘ğŸ‘ğŸ‘ğŸ‘ğŸ‘ğŸ‘ğŸ‘ğŸ‘ğŸ‘ğŸ‘ğŸ‘ğŸ‘ğŸ‘ğŸ‘ğŸ‘ğŸ‘ğŸ‘ğŸ‘ğŸ‘ğŸ‘ğŸ‘ğŸ‘ğŸ‘ğŸ‘ğŸ‘ğŸ‘ğŸ‘ğŸ‘ğŸ‘ğŸ‘ğŸ‘ğŸ‘
@KingJenish,"<a href=""https://www.youtube.com/watch?v=fu7hB_8kgcI&amp;t=59"">0:59</a> the indian map is wrong Kashmiris a part of India please correct it ğŸ˜¡"
@jeopardyking7187,RICE IS LIFE GANGğŸ’ªğŸ’ªğŸ’ªğŸ’ª
@mikehunt2015,"<a href=""https://www.youtube.com/watch?v=fu7hB_8kgcI&amp;t=705"">11:45</a> I might have no clue what I&#39;m talking about, but I think &quot;water gar&quot; might be &quot;water jar&quot;. Maybe in reference to bottle gourds? I believe this vegetable is what we call calabash."
@BTSHIDEAWAY,Thank you for representing India with so much respect and earth ğŸ˜Š. I love the way you respect different cultures and people â¤ï¸
@briggitelondon,<b>INDIANS CAN LITERALLY EAT SH*T AND THEY WOULDNâ€™T KNOW THE DIFFERENCE.</b> ğŸ˜‚
@siddheshghag02,Holy shit..are you in thane?
@kironsimba8508,"comon y the subtitles, the guy ws speaking english thats R......"
@lewissilvio4740,where&#39;s ya hair net lol
@dcbqb19,I love how the &quot;charitable&quot; food place was so much more hygienic (ironically) compared to that Samosa place that mentioned how important hygienic ingredients were important ğŸ˜‚
@jeopardyking7187,SAMOSA WRAPPER IS BETTER THAN ANY RAPPER
@toddburgess5056,Watching this at 2 AM made me so hungry for indian food that i ended up microwaving a frozen indian meal of paneer tokka masala with fragrant rice ğŸ˜Š
@UnknownPurush,I am seeing a different side of my own country. My Maha Bharat.
@makeinindia007-e8r,"Pls god , all my next lives let me born in my India again and again"
@KainYusanagi,&quot;drumsticks&quot; are the immature seed pods/fruit of the Moringa tree!
@briggitelondon,"<b><a href=""https://www.youtube.com/watch?v=fu7hB_8kgcI&amp;t=310"">5:10</a></b><b> THE ONE HAND THAT HOLDS THE WRAPPER HAS GLOVES AND THE OTHER ONE THAT ACTUALLY TOUCHES THE FOOD DOESNâ€™T HAVE ONE. DAMN. INDIA REALLY LOVES TO EAT GERMS AND BACTERIA.</b>"
@garukno96,"if this kind of charity/donation done in my country, most people will only get their meal for 2 days, and the rest is history"
@BadBoybBubby,Far out their wearing gloves
@briggitelondon,<b>OMG HATS OFF TO YOU FOR ENDURING THE STENCH AND BACTERIA ALL AROUND YOU</b>
@SunsetChaser04,Charity kitchen workers in mask.<br><br>Sonny: no masks then proceeds to blabber in front of the food being prepared. ğŸ—£ï¸ğŸ’¦ <br><br>ğŸ˜‚ğŸ˜‚ğŸ˜‚
@toddburgess5056,"Im never satisfied with only 2 samosas, I could easily eat 4-6 WITH my meal. Those things are so GD delicious !!  Keep them coming !<br>ğŸ¤¤ğŸ¤¤ğŸ¤¤ğŸ¤¤"
@MightyPooPSTEAM,Ya bro....those pickles.....should just be like half a tablespoon of serving. Its just something to get your saliva production going and provide a bright contrast to the other flavours.
@abrahamgarcia3305,In n out peels potatoes that way !
@tito-kr7rm,Everytime Sonny says &quot;seasoning &quot; an angel gets its wings .
@NicotineftCoffeeFlavoredWater,Keep encouraging people to stay poor smh
@NicotineftCoffeeFlavoredWater,What will happen if they used utensils? Smh
@jmantwild9373,"Two birds with one stone. They feed the hungry, and because of the bad hygiene standards they reduce the surplus population with cholera and typhoid.ğŸ˜…"
@Allen-jj7vv,I remembered I eat some Samosa in indie restaurant and that tasted really good
@thiefgaming7666,"<a href=""https://www.youtube.com/watch?v=fu7hB_8kgcI&amp;t=60"">1:00</a> what is that map sony? Change it"
@mirosh7414,drumstick best for before honeymoon dinner â˜ ï¸
@luckycat7728,Worst country and people ever
@sachinuchil8890,I&#39;m from Mumbai and hadn&#39;t heard of City Samosa before this.<br>Same goes with Akshaya Chaitanya. I was only aware of the work done by the Akshaya Patra Foundation (ISKCON).
@MenCanNotBeWomen,the second factory is a lot lot cleaner than the first one...
@MikePaton-Williams-yv9qo,"That food factory is stupendous. I feel ashamed. In the 70s my expensive public school would bring a handful of us to London to work the Soup Run. Once a month we were allowed to stay up all night bringing hot soup and rolls to homeless people. Some of these folk would be sleeping over the kitchen grills of top tier, central London hotels to get the warmth. A humbling experience for us kids but in no way comparable to what India is doing today. RespectğŸ™ğŸ½ğŸ™ğŸ½ğŸ‘"
@AsliddinboySalohiddinov,after this video i know india has also some hygenic foods
@ShotgunSsergio,Those Indians hated u being there filming
@hellomyfriend7932,So happy to see Sonny in India. Way better than those videos where he wasnt there
@drawmaster77,Slop
@MikePaton-Williams-yv9qo,Cool to see Sonny actually in India rather than doing a voice overğŸ‘ğŸ‘ğŸ‘
@hiyesmail,é€™ä¸€é¤åªéœ€è¦ 0.7 æ–°å°å¹£ï¼ŒCPå€¼å¤ªé«˜äº†
@BarryMckulkiner,"<a href=""https://www.youtube.com/watch?v=fu7hB_8kgcI&amp;t=414"">6:54</a> Almost all Jains are vegetarian, in line with guidance to pursue ahimsa (not harming other life). Roughly nine-in-ten Indian Jains (92%) identify as vegetarian, and two-thirds of Jains (67%) go further by abstaining from root vegetables such as garlic and onion."
@Ren-nk9pq,Majority of the people availing the free food are well off and have lakhs in their bank account. They will take the free food and never donate 1 cents for the cause.
@toohip,India: a country that has generational reliance upon hand outs and scamming the elderly and stupid people. Let&#39;s not make that a positive.
@devanshukumar7632,In the map of Indian is any one noticed that J&amp;K is missing.....wtfğŸ™„
@dhavantrivedi6903,"18 hours and 400k vies , you rock ğŸ¤˜"
@nmo3148,You eat achar like wasabi
@azharuddinmohammed3440,Come to Hyderabad and have beef briyani mannn and real delicious food
@jerryfox143,oh good it&#39;s india and you&#39;re actually in the vid lol
@sheraz1001,1 billion is old news. It has 1.5 billion people.
@ntn888,"it isn&#39;t raw banana, but unripe banana and cooked.."
@haximiamv357,"<a href=""https://www.youtube.com/watch?v=fu7hB_8kgcI&amp;t=100"">1:40</a> green potato"
@xzhf2198,These are the shitty samosas. Indians nor goras know how to make samosas
@MrCaesartheman,"damn after this, I&#39;m gonna go down and buy some butter chicken sauce, jalapenos and beef sausage and make a sausage curry on Japanese sticky rice."
@johndough1356,Spoons R mid
@Ms.MidnightMurmurs.fllw.sbscrb,The way staff waited for him to start speaking about pouring the oil HAHAHAHAğŸ˜…
@MD-wv7ee,Ideas such as this are considered Communism in the USA - selfish majority actually think the poor should not get any charitable assistance!  It&#39;s a fkd up mentality and explains a lot in that country.  Similar attitude towards free healthcare.
@byos,Switch out the seed oils with what they used to use (Ghee).
@57AB,I love hearing the positive side of India â¤
@bruceleroy8063,Imagine how little a can of Campbell&#39;s chunky soup costs to make
@MrJoshpit,Why do their uniforms look like Goku&#39;s outfit ğŸ˜…
@andyhallbootdoctornz3991,Their logo looks like a turd ğŸ’© to me ?
@DEWEan24,Hope your stomach is okay ğŸ˜‚
@demongamingcodm,BEFRS+ INDIA = VIEWS+SUCCESS
@theboomtribe,"<a href=""https://www.youtube.com/watch?v=fu7hB_8kgcI&amp;t=454"">7:34</a> Who even eats samosa without the sauce ğŸ§‰<br><br>Sonny<br>You gotta do it properly if you watching the whole process"
@peterjarnes25,Hey big stud the world loves you! â¤â¤â¤â¤â¤â¤â¤â¤â¤â¤â¤
@TacoXRic3,"<a href=""https://www.youtube.com/watch?v=fu7hB_8kgcI&amp;t=207"">3:27</a>  ğŸ¦¶"
@amansworld________8775,firse india aagya
@RecicledCanadian,No wonder why 11% of India&#39;s population have Type 2 Debates . 11% out of 1B of population !!ğŸ˜®ğŸ˜®ğŸ˜®ğŸ˜® One in four people (26%) in the world with diabetes is from India. Indiaâ€™s population as calculated in November 2024 was about 17.78% of the global total.
@abdulhafeez7524,Come to bhatkal you&#39;ll taste a very different cuisine from the world
@watchvideos9104,Real talkâ€¦ Iâ€™m about 9 mins in and dam Iâ€™m sooo hungry now ..
@satvikreddy5210,"<a href=""https://www.youtube.com/watch?v=fu7hB_8kgcI&amp;t=60"">1:00</a> J&amp;K is part of INDIA"
@brandiefasching123,Sonny I need a video a day Iâ€™ve already watched all your videos Iâ€™m gonna start tweaking
@KshitijGole,"<a href=""https://www.youtube.com/watch?v=fu7hB_8kgcI&amp;t=761"">12:41</a> Right now I am eating drumsticks while watching your video, what a coincidence!!ğŸ˜‚"
@NanjundaKT,My Respect/Thanks for Charity kitchen â¤
@jesstooley399,Its the western influence
@puccipower,I&#39;d like to see you go to south america.
@SantyandCo,Heartwarming video. Just donated to this organization.  Keep up the good work ğŸ˜Š
@dexterbriceno5265,From one Minnesotan to the other. You always da best Sonny! thanks for your amazing videos!
@victorandreyuk8005,"Ñ‚Ñ€ĞµĞ±Ğ° Ğ±ÑƒĞ´Ğµ<a href=""UCkszU2WH9gy1mb0dV-11UJg/zPgfY66lCJGRhL0Pz6iA4Aw""></a>"
@maf420,"Babe, wake up, Sonny&#39;s dropped a new episode"
@bigmedie,No body should be hungry in the world god bless these people for helping
@RahulSaini-du9vg,Feeding other people for free is the best karma one can gain.
@gk9257,"<a href=""https://www.youtube.com/watch?v=fu7hB_8kgcI&amp;t=455"">7:35</a> jain samosa ğŸ¤” first time seeing."
@vafarmer7444,"America is the richest Country in the world. Why canâ€™t we do something like this on a larger scale? We spend Billions on a war that has nothing to do with us but, we canâ€™t spend Billions on free food for all Americans!"
@KevinAnand9494,"India , State Andhra Pradesh government offering breakfast, lunch ,dinner for 15 rs ,0 .17 dollers , very good quality u can come and try  that food too"
@ismailvloger9315,â¤ğŸ‰ğŸ˜Š
@NeinDao,"<a href=""https://www.youtube.com/watch?v=fu7hB_8kgcI&amp;t=450"">7:30</a> would not planteen be better than banana as a potato substitute?"
@NicotineftCoffeeFlavoredWater,Tryna clean up their image ğŸ˜‚ğŸ¤£ğŸ¤£ğŸ¤£
@therodtriptv,"Dude, we will still watch your videos even if you don&#39;t risk your life. We are here for the quality of the content, not the clickbait sensationalism. But you already know that. ; )"
@AMINAMahomad,I love my abbu&#39;s magic food ğŸ˜­ğŸ˜¢ğŸ”®ğŸ˜¿ğŸ˜¹
@BenjaminHamm-w8z,I mean it&#39;s 2025 we and they are allowed to use forks and knives sheesh
@AMINAMahomad,I love KFC and burger ğŸŒ­ğŸ¦´ğŸ•ğŸ¥©ğŸ¥¢ğŸ¥§ğŸ”ğŸ˜ğŸ›ğŸ¬ğŸ¦ğŸ¥ğŸ¥—ğŸŸğŸ»ğŸ¹ğŸ¥ƒğŸµğŸŒ¾
@MattOrsman-p6s,Absolutely fantastic
@AMINAMahomad,ğŸŒ¶ï¸ğŸ”¥ğŸŒ¶ï¸ğŸ”¥
@AMINAMahomad,ğŸ”¥ğŸ˜‚
@callmesimpai7202,imagine they can do this in india but we have one of the highest homeless populations in the US.. this enrages me that we have people in the states who are homeless and starving but in India they make a collective effort to take care of people.. Thank the 1% for treating US citizens as personal paypigs. When is ENOUGH GOING TO BE ENOUGH? LATE STAGE CAPITALISIM IS DESTRYONG THIS COUNTRY AND EVERYTHING IT WAS FOUNDED ON AND WHAT WE ARE SUPPOSED TO BELIEVE IN AND UPHOLD IN OUR CONSTITUTION
@GoonieElTejano,the mascot had a fly on it hahahaha
@vineleak7676,The samosa mascot is very unfortunate ğŸ’©
@MNM6818,If 2 cents can feed 16000 people 5 dollar usd  probably feed the whole country ğŸ˜‚
@rodnattrass7021,That was one of my favorite videos by you. Heartwarming.
@Kana.And.Rawknoo,Please review the rameshwaram restaurant of India ğŸ‡®ğŸ‡³ ğŸ˜Š
@TheLatinacowgirl,"Sonny,, i loved this video. It brought me to happy tears. When I get paid I will be donating."
@litojonny,sonny got really skinny
@ismailfixs1126,"Do you know Jefferson actually wanted to go to India, but he landed in America.  <br>God protect the real India, if not, they could be killed and their land will be stolen like what happen to the native Americans"
@JNavy-oq4mu,Iâ€™ve been to India twice and never really cared for it but Iâ€™ve got to say that food kitchen is really cool!
@kelliepineda9822,how&#39;s wife n lil girl will we get to see family pic??
@aldrickespen6863,They only used hairnets and gloves due to the camera crewğŸ˜­
@Zhilinjain,The whole process looks like making ğŸ’© poop from poop ğŸ’©
@Josho4096,"I can just imagine wiseguy going off on the open toes/no shoes on <a href=""https://www.youtube.com/watch?v=fu7hB_8kgcI&amp;t=262"">4:22</a> lol"
@Portfoliorecoveryeatsballs,I love how your trying to teach them how to milk the cow like America workers always do ğŸ˜‚ğŸ˜‚ğŸ˜‚
@retrorich6991,repeat again
@vishs892,ğŸ¥ºğŸ’›
@apemancommeth8087,"As always, another winner Sonny!"
@evapereira3093,That&#39;s so awesome!
@Vywu,"<a href=""https://www.youtube.com/watch?v=fu7hB_8kgcI&amp;t=1090"">18:10</a> so cute"
@saum85,"Map of India is incorrect <a href=""https://www.youtube.com/watch?v=fu7hB_8kgcI&amp;t=60"">01:00</a>"
@bellong0202,"Not to hate but, your in a food factory, might as well refrain from a commentary directly in front of the food being processed, since you showcased how hygienic the process is, then might as well do a voice over."
@brianmoody2549,"Learning how the meals made and how they are feeding the hungry of there country,the meal looks delicious."
@OneChance-wins,"this right here to all the struggling families and those who fell on hard times and have no one, this is what we need globally"
@briancosgrove3261,Is it &#39;sumosa&#39; look like a poop emoji ??? Lol
@itastepaint,"<a href=""https://www.youtube.com/watch?v=fu7hB_8kgcI&amp;t=44"">0:44</a>  Gordon Ramsey hand/step combo"
@toddabbott781,"Turmeric is one of the main reasons I do not like most Indian food.  I do not hate it like licorice or coffee, but I do not like it.  The food is palatable but that is about it.  I also do not like a lot of heat.  Some heat is fine.  And sorry the lack of meat in many dishes is a bit much for me too."
@DukeICT,Thank you Sonny and crew. I love your videos. Thank you for opening windows to the world.
@JackHoliness99,"Matthew 4:4 Expanded Bible 2011<br>Jesus answered,<br>â€œIt is written in the Scriptures,<br>â€˜A person lives not on bread alone, but by Â·everything God says [Lâ€¯every word that comes out of Godâ€™s mouth; Deuteronomy 8:3].â€™â€<br><a href=""https://m.youtube.com/@FirstChurchTruthofGodBroadcast"">https://m.youtube.com/@FirstChurchTruthofGodBroadcast</a>"
@flyinyeti,Im from new zealand there&#39;s many Indian supermarkets here who sell these imported from India my friend was telling me about these places that make them
@Billthebott,oil is only considered food to NPC&#39;s
@ctg4818,Always love seeing how absolutely dirty the kitchens are lol
@CarlosSindeaux,WHY EVERITHING IN INDIA IS SO FUCKING DIRTY??
@Balance-v8x,How awesome is that!? â¤
@anthonyplayground1402,The 3 sided samosa ... banned by Allah
@Kchill1986,Is this where plain Jane comes from?
@inmypocketzyabih,ğŸ˜‚ğŸ˜‚ POTATOE COUNTğŸ˜‚ğŸ˜‚ğŸ˜‚
@MrBimps,the hot dog comment ğŸ¤£
@thelandlord111,Says a lot about the world when the profit driven place is absolutely filthy but the charity organisation is top notch.
@silvercierra9310,"Brought me to tears, such a beautiful thing and after helene here in Asheville and all the suffer in the US even with cost of food right now here...this is just such a beautiful thing. Thanks Sonny!"
@Ray-sv9zi,Nothing like watching the homie distracting Third World factory workers.ğŸ˜…
@Fatherhood4Life,Did anyone notice the workers In the Samosa restaurant are barefoot.. OSHA approved lmao!
@vilorcruz7690,sana all
@RomanRoma-gp4hs,"Finally, don&#39;t make me watch mark wiensğŸ˜¢"
@lonniecarter2631,Dude if you&#39;ll practice alil you&#39;ll sound just like Casey Kasem
@AnaNguyen-q2z,Jesus is the way the truth and the Life no one can entered the kingdom of heaven unless you repent and believe in Him Jesus loves all of us we must place our faith in Him this message is not to offend but to plead and ask Jesus to save you. I have to as well. ğŸ©·â¤ï¸ğŸ©µğŸ’šğŸ’œâœï¸ğŸ’•ğŸ’“ğŸ’–ğŸ©·ğŸ’œğŸ’šğŸ©µâœï¸ Jesus loves us letâ€™s ask Him to forgive us now.
@Largepapa2,Those green potatoes are not goud
@wonderlandparty6054,"Don&#39;t ask what goitha, uple, kande, gosse or thepdi is. You wont want to eat food in India anymore."
@depthgod7672,India got so much bomb food
@jordanperez3292,Bread lines have always kept people where there at
@scotlandtreasures4618,I love that food is cooked daily and fresh ingredients
@jamesdavis2359,Seeeeaaaaassssonnnninnnggssssss
@skitheface4207,You left out the part where they give it a final stir with their foot before sending it out ğŸ˜‚
@suryowirawanwibisono,Am i dreaming or is that a real indian with glove handling foods? Looked more hygienicâ¤â¤
@baloney_sandwich,Ya Indian is broke
@CathiGordonloveshorses,Wow Sonny...So ğŸ˜ Cool â¤<br>You present the food So Good.<br>â¤â¤â¤â¤â¤â¤
@AryaMadam-q8f,"In India, All Government hospital (state level) food free for  patients and their relatives. (Morning:- <br>Patient:-2eggs and food <br>Relatives:- only food<br>Night:-<br>Patient:- milk and food<br>Relatives:- food)<br><br>Central Government level hospitals for critical patient and NGO&#39;s provide free food <br>I love my country â¤"
@bearkuda,The food in the second half looks so delicious! Id stop buy and eat!
@davidhynd4435,"<a href=""https://www.youtube.com/watch?v=fu7hB_8kgcI&amp;t=132"">2:12</a> Love the door marked &quot;Exit Door&quot;, completely blocked by equipment."
@doantuanan,That repeating AI generated stuff every few minutes is getting really annoying...
@ArjunKandasamy,This is incredible. Would love to see some donations from BEFRS!!
@GuessImNotClever,"Those types of potatoe peelers are everywhere, any fish and chips shop probably has one."
@pikminscool,food taste good from helping to make it possible
@Armadauzbekistan,Watching this video while eating was a big mistake
@edwinpillay1409,It&#39;s a Charity that&#39;s Ingrid in the Culture of Service to the People ğŸ™ like The Gods intended.
@Scitch-et4vk,Awful place
@ytmahonedog,How much do spoons cost in India ğŸ˜® would be easier to eat and less messyğŸ˜¢
@yashkumar-yp8gb,Great initiative sonn6
@tardiswarp1,"I absolutely always enjoy watching you channel, this video in particular because these very poor people are getting nutritious food for almost nothing, and you thought it was good food. I&#39;d eat it."
@Intricateshotz,Indians ALL DEEPLY LOVE to STARE. Literate Indians reading this please for goodness sake STOP
@Fray-Bentos,"Honestly...... Do you really need an ai hotdog image <a href=""https://www.youtube.com/watch?v=fu7hB_8kgcI&amp;t=693"">11:33</a>???? Are you telling me there are no legit hotdog images out there?..<br><br>Utter scumbags"
@HiPetitGateau,How much was he paid to show hygiene /recipes ive seen these videos from years ago they ate on the floors it was crazy messy<br>Glad this place is cleaned<br>No leaf?
@jeremycouch-p5l,That slimy goop gave me food poisoning Iâ€™ll never eat Indian food again! Unless itâ€™s their barbecue lol
@DarthJeyDawg83,"Dude&#39;s shirt reminds me of goku lol <a href=""https://www.youtube.com/watch?v=fu7hB_8kgcI&amp;t=182"">3:02</a>"
@heartofthestreetsproductio8578,1 million people with 3 million horns
@markshen3280,"Sonny, Sambal is an Indonesian ğŸ‡®ğŸ‡© chilli ğŸŒ¶ï¸ sauce or pasts, NOT an Indian recipe, typically made from a mixture of chilli ğŸŒ¶ï¸ peppers with secondary ingredients such as shrimp ğŸ¦ pasts, garlic ğŸ§„, ginger ğŸ«š, scallion , palm sugar, and lime ğŸ‹â€ğŸŸ© juice. Sambal is an Indonesian ğŸ‡®ğŸ‡© loanword of Javanese origin."
@needmoreramsay,"Missed a perfect roasted nuts joke opportunity !! Sonny, you&#39;re slipping ğŸ˜‚"
@subjectbigy,Lots of gujus
@ImMrCsr,People for people not people for profit . I love it
@Fray-Bentos,Hey we paid for an ai subscription....  Let&#39;s use it f-ing everywhere and spoil the whole channel.....<br><br>We didnt sub for ai crap
@mider-spanman5577,Wisespade7 would just hate this video lol! ğŸ˜†
@angeljimenez6786,Meanwhile 2 cent is 1 crumb over here
@eggplantandpeach,"At the gym, all those herbs &amp; spices seep through their sweat glands ğŸ¤¢"
@brentmckinnon7762,"So I don&#39;t know about India, but here in Cape Town South Africa, you can get the outer shells of the samoosa with different flavoring. We call it Paaper Bites."
@ImpCaesarAugustus,The samosa mascot could very easily be mistaken for a pile of poo ğŸ’©
@markshen3280,"Sonny, good morning ğŸŒ… to you from Hong Kong ğŸ‡­ğŸ‡° SAR. Samosa is also very popular in hawker centres in Singapore ğŸ‡¸ğŸ‡¬ and Malaysia as a part of the Indian  ğŸ‡®ğŸ‡³ cultural cuisine."
@pequeuxdarleux1480,<b>La cuisine des Inde c&#39;est agrÃ©able si tu as des intestins en bÃ©ton armÃ© et des couches en Kevlar</b>
@romanazu5895,Do they know how to clean? ğŸ¤¢ğŸ¤¢ğŸ¤¢
@simonf.2504,It&#39;s clear to see why India is often considered the &quot;diabetes capital of the world&quot;. <br>Carb central.
@tamaraash6602,Why does the samosa mascot look like the doodoo emoji&#39;s cousin ğŸ’© ğŸ˜­
@salty82ndveteran,"I want to go to India so bad but I have some pretty serious health problems. I&#39;ll probably never make it over there, so thank you for all your videos!!! I definitely think you should give Nicaragua a shot! I&#39;ve been 3 different times and upon my first visit I fell in love with the country!!! It&#39;s an absolute paradise on Little Corn Island! Everyone speaks English, there&#39;s unlimited CLEAN drinking water, so many nationalities on the island at any time, and it&#39;s so inexpensive to travel there!!! Plus the food is on point. There&#39;s one concrete foot path on the island. North of the harbor, there&#39;s a few bars. The old lady who lives on that foot path frys up chicken and sliced fried plantains, she starts around 10pm and closes when she sells out and she sells out every night! OMG it&#39;s soooo good!!!"
@Hoodfav3700,Keep uploading ğŸ¤©ğŸ”¥ğŸ”¥ğŸ”¥
@fendularatsq2317,did u visit the &quot;diarrhea man&quot; that is trending ?
@mohnjorrow1990,SEASOOINNNNIMGSSSSSS
@CollinsMalgwi,Drumstick = Moringa unripe pod
@notamishani,"this food is filth, we need to stop bullshitting ourselves"
@melin1969,"all the poeple complaining about hygiene , you may want to take a walk around your own countries cos your in for a real surprise trust me"
@PaulLoh,I wish I could reach through my screen and taste through osmosis some awesome samosas.
@lindasmith6072,So how come they are all barefoot at the first place?
@chlujo4567,Do you just say thereâ€™s human in there?
@JPORourke-z1n,"Why do you say peace at the end, why not &quot;May God watch over you&quot;? We&#39;re not a war."
@Burlib01,This video has put the brakes on so many stereotypical beliefs that I had about India. Thank you for that Sir.
@jijojacobsamuel,Drumstick = moringa
@sev3n7z,I wanna try the jain samosa
@JB-ef7ks,"5 minute mark the guy putting them together has one hand with a glove n the other without ğŸ˜…<br>What makes this so important isn&#39;t just the hygiene from the ungloved but the fact that it&#39;s his LEFT HAND which in South East Asia is the one they use to wipe their asses cause toilet paper isn&#39;t normally part of their cultural defecation process cause they don&#39;t really have indoor plumbing, hence the insult of shaking hands with their left hand!!!ğŸ˜‚"
@joemason9187,What beautiful people namaste ğŸ™
@XxGamer,This could&#39;ve been on the Main Channel.
@blodyholy_,Anyone have a clue why Sonny elongates his vowels like he does? It&#39;s not a Minnesota thing that I&#39;m aware of. Is it to stretch out each video for a few extra cents? ğŸ¤£
@vobisolx,Eating  with  fingers is very bad when don&#39;t  have  watter at discretion ğŸ˜¢
@mauricioabud4884,Por quÃ© en espaÃ±ol malÃ­simo
@ken-tz1fx,you know they eat with the opposite hand that they wipe there bass with. we know you are right handed hahaha
@DrewishAF,"I&#39;ve spent so much time around Indian folks that I can read their facial expressions &amp; body language like a book.. <br>While you&#39;re in that kitchen, everyone back there is literally thinking, &quot;why you are staring at me dis way, my fren? What you are wanting me to do? And how does you smell so good??&quot;<br><br>Trust me, their English grammar isn&#39;t great, but if you read that statement with a thick Indian accent (in your head... aloud it sounds a bit racist) it is SPOT ON! <br><br> ğŸ¤£ğŸ˜‚<br>But seriously, I&#39;ve made a ton of Indian friends. They&#39;re genuinely great people for the most part. There are some... backwards and bad practices they have that are still somewhat prominent in their culture (like rape gangs, near-zero rights for women [kinda based], and street pooping... Also &quot;bathing&quot; in the same river that a million people defecate into if the streets are too full)."
@gomezjfc,I just know I would get the runs from the first place
@billwhite1603,We need that food factory in America for those on fixed income.
@rirkc,Wow. The USA can take a page from India&#39;s lesson book for sure. Good work Sonny.
@Warwick316,Yea i would probably die from food poisoning in the first week
@lvmby,where did you find such a clean place in india?
@mr.unipandacorn4215,Why no shoes
@victorazevedo2783,"For a few pennies in India, one guy shapes the dough in his arm pit, and the next guy cuts the filling up with his toenail. Somosa!"
@absvideos3230,We NEED this kind of charity in UK
@bigbeefjoedaddy,Please stop breeding India. Its not sustainable . give it 10 more years it will be horrible
@Northsid3r26,@beastphilanthropy
@i-am-your-conscience,"This factory looks so clean for India, it must have opened only yesterday :D"
@Chbcfjkvddjkiuvcfr,The most important part to get a good samossa is to have dirt and filth spreaded on the walls of the kitchen.
@slotvideos1037,Spoons???
@happilyham6769,I hate how these people eat with their hands.  It&#39;s really fucking disgusting.
@MrFroggieNL,I really hope you fed 1000 people there during your visit
@AlT-vt3gb,it looks like instant diarrhea
@polarodriguez2924,Amazing work God Bless everyday â¤ğŸ˜Š
@Jesusjjjj,I love a lot of Indian food but Indian people just make NOT want to go to India ğŸ˜‚ğŸ˜‚ğŸ˜‚
@jabsdrahm.3232,"Akshaya Chaitanya SO CLEAN, the MOST CLEANEST PLACE I HAVE SEEN IN INDIA !! I would eat there"
@_Bosley,"<a href=""https://www.youtube.com/watch?v=fu7hB_8kgcI&amp;t=207"">3:27</a> should I be surprised that some kitchen workers are barefoot?"
@RITAD1,Drumsticks are very nutrient-rich. Very delicious too!
@geoffreyrichardson8738,"A good news story, niceğŸ˜Š"
@preatore,Best samosa ğŸ’©
@lostinsydney,"<a href=""https://www.youtube.com/watch?v=fu7hB_8kgcI&amp;t=132"">2:12</a> Emergency Exit"
@brokenhands512,People popping off about helping out in an indian charity kitchen but wouldn&#39;t be caught doing it where they are from.
@evenkringsj,"Man id never eat from that first place, holy disguisting. That food factory however.. Night and day."
@kkgt6591,"Hygiene , water quality etc are very questionable in that country. Plus dont see them washing the veggies either."
@dherajsardar910,I was waiting for Sonny to try the drumstickğŸ˜…ğŸ˜…. I was just watching them on his plate and thought now he will try a new vegetable and give reviewğŸ˜‚ğŸ˜‚ğŸ˜‚. But he didn&#39;t tryğŸ¥²ğŸ¥²
@shastrakar1,Wrong INDIA MAP BROOOOOO
@satsatdown,the samosa mascot looks like a pooh emoji
@alexcorona,Those workers are so tired of YouTubers.
@familyengineering5591,When do they add the feces?
@jaswats9645,"<a href=""https://www.youtube.com/watch?v=fu7hB_8kgcI&amp;t=325"">5:25</a><br>Either that dude is pregananant or he&#39;s got a serious case of fatty liver.<br>Honestly, i hope it&#39;s the former.ğŸ˜¨"
@Calicapenergy88,"America could do the same thing as India feeding so many people, but we all know thatâ€™s asking to much. I love that they get to eat and be full"
@geoffreyrichardson8738,You can get the potato peeling machine from the Hobart kitchen equipment company. They are used in the military (ships and bases)
@hiren8325,Never heard anyone eating a samosa in a bun..ğŸ¤¨ğŸ¤£ğŸ¤£
@A1OFFENDER,"As an English man I just love India. We are family on a DNA level, we would be nothing without our Indian brothers and sisters &lt;3"
@epicshortvideos9199,Letâ€™s increase some views in videoâ€¦. Visit to India ğŸ˜‚ğŸ˜‚ğŸ˜‚ğŸ˜‚
@ryanvargas4889,The samosa outside looked like the poop emoji ğŸ’©
@morrisfletcher4201,Great work Sonny!. This is incredible work their doing in India. Feeding millions of people who otherwise maybe wouldn&#39;t have anything to eat. More countries should be doing this.
@OskarDiceEnriquezll,Good Luck On Your New Business Brother \m/
@durkadann2943,my fat ass also thought they were hot dogs lmfao
@ToniWongCIM,Gave a like because... (after personally editing because of AI).<br><br>So. I needed to customise before sharing my comment ğŸ˜‚. <br><br>So machine guy does the job ğŸ˜®.  It is delicious ğŸ˜‹
@Hanfugirl_Hanzi,2050 Superpower IndiağŸ’ªğŸ¾ğŸ’ªğŸ¾ğŸ’ªğŸ¾ğŸ‡®ğŸ‡³ğŸ™‡ğŸ½â€â™‚ï¸
@ChuckTaylor-ct6fq,Two hungry people didn&#39;t get to eat that day because Sonny took a double portion .
@heatherkelly2457,Imagine they&#39;re ending world hunger with a simple gesture of compassion I&#39;m sharing this to Africa thank you for keeping your content real and honestâ¤
@LSGT5,This was extremely interesting but nothing compares to the red watch.
@andrewright8033,"I&#39;m so western culture, I kept wondering where his fork was!"
@johnknight1627,Love your videos  keep it up
@FPrill,"That charity creating meals for the needy, humanity at its best!!"
@ReelnRockn,What&#39;s with the poop meme outside that India restaurant? Yuck!
@ryanmendes972,Amazing work â¤God bless
@Brother-Louis,I don&#39;t understand. On the donations page it says that $1000 US:  &quot;You Pledge to serve 13 nutritious meals&quot;. 13 x 0.02 = 0.26.  Who takes the $999.74?
@MrSoso1050,very clean and hygienic
@YoungGirlz8463,if you travel to asia bring your own spoon
@ssejjdelorenz3152,Intresting Humane Idea for the  charity food. Thought of it back here at home
@TurinAlexander,"A good cause, and it being done well.  On top of that, the food looks delicious.  I would happily eat that any day."
@SoulSherlock007,Use gloves while touching food sonny
@ryankirimi1685,Hair nets while being so dirty and unhygienic ğŸ¤¢ğŸ¤®ğŸ¤®
@elem3ntkid,"Sonny, Why cant we do something like this for our homeless in the US? Maybe you could look into that or start something we can donate to to help our people. I dont mean to disrespect anyone from other cultures or countires, but this is an amazing idea and we should also be doing it here in the US if we can."
@teleman07,Poo jokes making themselves. No need to even phrase them.
@adamluhring2482,"When asked how the food is so cheap, the answer given is automation and scale - but that can&#39;t be the explanation for $0.02 meals, two of which are sufficient to feed someone in a day. In America, 2000 calories worth of potatoes at wholesale would be $3.53, with no money going to prep, seasoning, heating, transportation, etc. Economies of scale are helpful, but they won&#39;t cancel out all overhead and <b>then</b> make something 1/176 the price. The real difference here has to involve either subsidies or underpaid farmers."
@myraholmes8702,This was the best one so far Sonny
@harshad7208,K.E.M mentioned ğŸ—£ï¸ğŸ—£ï¸ğŸ—£ï¸ğŸ—£ï¸ğŸ’ªğŸ»ğŸ’ªğŸ»ğŸ¦…ğŸ¦…ğŸ¦…
@motherearth9971,We can learn from them over here ğŸ˜¢
@motherearth9971,Beautiful â€¼ï¸â€¼ï¸â€¼ï¸â€¼ï¸
@Melissa.Melissa_,Iâ€™ve never seen India so hygienic!
@coldera100,"i know its their culture to eat with their hands but at <a href=""https://www.youtube.com/watch?v=fu7hB_8kgcI&amp;t=1180"">19:40</a>, its gota be the worth kind of food to eat with your hands. a simple spoon would be so helpful"
@faatty1,I&#39;ve never heard of a samosa sandwich
@bradleybedard9474,"<a href=""https://www.youtube.com/watch?v=fu7hB_8kgcI&amp;t=383"">6:23</a> lmao!! You can see the guy cooking in the back give â€œthe lookâ€   The look ofâ€¦ stop talking and get me the Fâ€™ing cart before these bitches burn."
@AleksHQ,"Too hygienic no Indian enough, you are missing the expriences of having shit and stuff on your food."
@bestadvicever,EXCELLENT VIDEO @more best ever food review show . One of the best man !!!!
@Babba_karda_fun,Thank you Sunny for showing this side aswell
@MrMukbangPapi,We should start charity restaurants around the world ğŸŒ
@ManojKumar-ex2or,"<a href=""https://www.youtube.com/watch?v=fu7hB_8kgcI&amp;t=59"">0:59</a> Indian MAP..!!Â <br> Didn&#39;t see that coming"
@jasoncapecod,love how the exit door is blocked and the bare feet lovely
@wez4171,Yes i love it when theres an india video!
@prakharmishra4351,Use correct map of india
@crossforced,this was sick to watch
@josephblessingh2384,This is what should be uploaded on his Indian channel and not without him
@bogsys,first guy saying samosas need to be hygenic and then seeing the second place is just ğŸ˜‚
@najahbrah,"@<a href=""https://www.youtube.com/watch?v=fu7hB_8kgcI&amp;t=804"">13:24</a> LOL wtf was that?"
@Daisy-f6f,"India has samosa,<br>Britain has fish &amp; chips,<br>India + Britain = Samosa, fish &amp; chips and sun-never-set Colonial Empire!  ğŸ¤·"
@EddyFeyen,"LOL never used oil before says it all. If these kitchens would exist in Europe, they would be closed. But you see people are still alive and kicking over there."
@saltandvin,"stop trying to make &quot;seasonings&quot; happen, its not going to happen"
@babygiant6362,"we need these charitys in iran as well , one dollar is 840000 rials !!!"
@gacchan,More videos like this!
@treytison1444,This channel is way better than it&#39;s creepy AI thumbnails lol
@travelingkakabsat,Impressive!!
@nathangerrard9792,the samosa emoji looks like poop ğŸ¤£
@vinu_b6551,Drumstick is the fruit of the moringa tree...l&#39;arbre miracle
@saichandra9413,Happy to have u in India ğŸ˜Š
@saichandra9413,Tq for especting our culture and our food
@THECAR99,Honestly South Indian food is such simple and satisfying it&#39;s like anyone can have it. They&#39;re nice people too. I&#39;ve just been there for a month for treatment and missing it rn. Sambhar seemed quite simple to make but looking here now feels complex.
@catfish9539,The irony of you being made to cover your feet and hair when the samosa people had bare feet.
@USMC978,"I think I just saw Scott, my Microsoft tech."
@Ons_TV,Nooo they are also using AI art nowğŸ˜­ğŸ˜­ğŸ˜­ğŸ™ğŸ™
@mauriciojosseauquivira-pv4er,"Como siempre, la comida de la india se ve asquerosa y poco higiÃ©nica ğŸ¤¢ (sobre todo porque comen con la mano desnuda, sin utencilios), nadie mezclarÃ­a un postre con la comida, eso es repugnante ğŸ¤® ."
@gloriawinbush1590,ğŸŒReally Sonny - carb on carb and you&#39;re drinking an coke ğŸ¤”.<br>Love the samosas staff ğŸ¥°.<br>Much respect to all the staff that unites to help the less fortunate.<br>Thank all of you for sharing joy ğŸ˜!
@iamarfa,Love this
@sofiqulislam6447,akshaya chaitanya bhai salam hai Tujhe. <br>ğŸ‘ğŸ©³ jahapana taufa kabool karo. <br>Lots of love to u
@rohitraj-df8qs,nicee
@yoshi92tx,ğŸ˜‚ Indian peoples wear gloves? This is a first for me
@michaeldavin2009,Yet America can&#39;t do anything...smh
@DominickThreet,I watch these videos while eating
@ladyluck5400,"This is the Sonny Side style I fell in love with some years ago! This is raw, talented journalism, amazing editing and storytelling, and most of all, traveling the whole wide world to tell a powerful food story ... Keep up the amazing work, Sonny!  ğŸ‘ğŸ™ğŸ»ğŸ¤·"
@trucidio,"<a href=""https://www.youtube.com/watch?v=fu7hB_8kgcI&amp;t=570"">9:30</a> was that in India? so rare to see this, lol!"
@giorgijeiranishvili865,Please come to country Georgia
@Notiamfaith,Thats amazing to see it has to be said
@Tybrarian,"This is amazing! Where does the funding for this come from? Is it purely good will donations, or is this a government subsidy?"
@stebopign,sonny finally shows up in india. no more fake best ever food review india. hahahhaa
@wicked1rish,I thought you said you would never go back to India after the way they treated you the first time?
@yograjv983,Sonny you are gem of a person. Thank you for visiting India â¤
@db4690,2 cents for diarrhea is a steal
@haroldsmith6640,why doesn&#39;t America have this.
@madib2122,More hygienic than any fast food or grocery story iâ€™ve been too! beautiful food and people!
@eborwanmirabon1991,Seem like samosa chef donâ€™t give a shit about you ğŸ˜…ğŸ˜…ğŸ˜…
@Glenda-bh7ul,You&#39;re going to have to make a much longer video of this place. This is absolutely beautiful and very nice.
@mccoymrm,That&#39;s the cleanest Indian food I&#39;ve ever seen.
@PhysicsGaunt,"There is no way he went to a charity kitchen as a wealthy american and asked for double, lmao <br><br>(just kidding, I am sure they have been paid, just funny to think about)"
@trouterman420,this is the cleanest kitchen in india. they are even wearing shoes.. edit: nvm they&#39;re not
@pivkaaa,amazing
@tronicdeep3946,"I wanna do this in Africa, it&#39;s going to be my future goal"
@captainfooey1857,Seeeeaaaasoning ğŸ˜„ğŸ¥°
@j.w.novotny4357,Is he making the samosas with his feet tho? Is a dirty shoe cleaner than a dirty foot?
@shanedsilva784,The white vege is bottle gourd I think and drumstick is moringa :P
@leticiaB88,Huuu peeeaaaaassss ğŸ«›
@UncleBuck560,Bro.  I&#39;ve been to India several times.  India has the best food in the world!!!  Mujko jada masala pasand hai!!!
@markcraig4036,"16,000 at 2c? What could America do to mirror this much success? 2$ per meal here in the US would b incredible. But some ppl have nut allergens. This is why we need migrant workers. They could b rewarded w citizenship,homes,lives,respect and dignity. Besides, I love Mexican food. We can learn from each other making the world a better place. Except when those in power screw it all up. These r human beings. I for one welcome new food experiences. Food can bring ppl together."
@Yasmin_GDAM,ill  sell them my mom for some samosas ğŸ˜‚ shes a grifter
@metaforcesaber,"This is what people were clamoring for, Sonny actually being there in India, not just laying down narration over the top."
@rockpepper9563,The employees uniform goku&#39;s outfit.
@kpro88,This a cool addition to his series kudos to whoever thought of this now he can travel everywhere again doing similar things in all the countries woot woot.
@soleilrousseau,"I love all of the workers there that are like, &quot;Okay, my dude.&quot; ğŸ˜…"
@ChuckleJackie,ğŸ˜€ you video is good.
@nisargborgavankar6750,india.â¤â¤
@goofynoodle4775,"Do you ever buy something from a vendor for dirt cheap, and just like give the guy a 10 and make him rich?"
@unknownk8738,That samosa is a joke. Real authentic samosa is not that flat. Samosa which can kind if sit on its base is the authentic kind of samosa. This samosa is just made in a hurry.
@jamesandgames7567,Open toes in the kitchen lol
@theone6897,320$ to feed 16000 people... not bad
@kathy5083,"Sonny in India ğŸ‡®ğŸ‡³ ,finally a video I have been waiting for with him in it.Thank you ğŸ˜Š"
@Abcd54321xyz,Bro next time use a correct map of india
@Indo_chef,Samosas cost $1.50 each in my city now. Back in college they were 3-5 for $1
@nothingFORtoday123,respecting you for eating in the indian way
@YohanesRobby,Indonesian Gov must watch this right now
@fz259,I was just wondering why this level of pride is not in the US. Or smarts.
@nikkiseashores82,To me a good samosa has light crispy dough. Those are too thick.
@CheeMzLol,ur looking fit bro keep it up!
@sbcroix,"Sonny, your meal cost 4 cents, because you got double everything"
@Michaelax5i,"These charity kitchens are doing incredible work, and I&#39;d love to travel to India one day to assist with one of them. Cooking is a passion, and I enjoy giving back."
@MrSach2910,So great to see someone truly represent.... Hats Off..!!!
@serialchillaxer,For everyone commenting about incorrect map of India pls remember most of the Americans don&#39;t know where India is on the map so you people are expecting too much just chill and enjoy the video ğŸ˜®â€ğŸ’¨
@Zaheerjani68,To much dirty food in india ğŸ˜… no cleaning
@shubhampatil481,Love from India sonny! Really appreciate that you&#39;ve covered this in your video and glad that you honestly enjoyed the food. You are the best!!!
@nothingFORtoday123,come to south
@SPak-rt2gb,Samosa ğŸ’©ğŸ˜„
@floridianslip,They eat cow poop lmao
@MomoK111,You are the best!!!!!!
@anupjangid9192,welcome to great hindu country india
@tommyfindlay,Donâ€™t think itâ€™s peanuts but chick peas ğŸ˜‚ğŸ´ó §ó ¢ó ³ó £ó ´ó ¿ğŸ´ó §ó ¢ó ³ó £ó ´ó ¿ğŸ´ó §ó ¢ó ³ó £ó ´ó ¿
@saanjeeva,"<a href=""https://www.youtube.com/watch?v=fu7hB_8kgcI&amp;t=61"">1:01</a> I am very sad to see that you have completely misused the map of India :("
@stucrawford6230,Amazing Work
@stlabido11,"I enjoyed watching this. â¤<br>Check out dabbawala, great delivery service they got in India."
@tommyfindlay,Why has the samosa filling guy only wearing one glove ğŸ˜‚ğŸ˜‚ğŸ˜‚ğŸ´ó §ó ¢ó ³ó £ó ´ó ¿ğŸ´ó §ó ¢ó ³ó £ó ´ó ¿ğŸ´ó §ó ¢ó ³ó £ó ´ó ¿
@curry309,Those rice ovens are expensive pieces of equipment â˜ ï¸â˜ ï¸they use them in 5 star hotels damn
@Dionysia1,and to think of the disgusting food that is given to patients and sold in hospitals in the west..... give me this any day
@shadn8234,"I know they do stuff differently in India , but no shoes whiles they are working in the kitchen with hot oil and heavy kitchen equipment is wild !!"
@travisbruce5096,"I&#39;m extremely amazed how you have eaten more types of foods than anyone on earth, literally and still maintain your same size over all these yearsğŸ’ª"
@josuazeroo2011,"Man, Indonesia could learn a lot from this with the bullshit free meal for school"
@Idk_and_Idk,"Donâ€™t understand how everyone says this is hygienic, one dude was raw dogging the floor without shoes. Half of them didnâ€™t even wear gloves when needed. Bollywood performance by them"
@mmmlinux,cancels best ever india. immediately goes to india.
@travelling_tortolitas,ğŸ’™ğŸŒâœ¨amazing
@freespeech198,"That&#39;s great,good food and very good quality for those that haven&#39;t got it ğŸ˜Š"
@dirkbalding6799,My dude that intro shot was cool ğŸ˜
@sin7wu,I thought those were hotdogs too.
@anirudddddh,Why did u cut the Indian map
@splizer101,Nice one!
@ibec69,The hygiene standards of the first place and the food factory are night and day.
@serialchillaxer,"<a href=""https://www.youtube.com/watch?v=fu7hB_8kgcI&amp;t=613"">10:13</a> For those who doesn&#39;t get that it&#39;s &quot;Asafoetida&quot;."
@forhike,Black dots in the dough must be ratshit
@forhike,good poop meme
@healthfitnessworlds6336,Love you brother â£ï¸â£ï¸â£ï¸â£ï¸
@AshaReddy-n3d,"Hi Sonny, when you go to places like these, do you contribute financially?"
@dongyschlontong-ck5xg,They should start another charity that makes cheap cutlery or hand sanitiser.
@oguzhangurbuz3021,The guy is working in the back with no shoes no socks wtf is that no wonder why people say Indian food is dirty with all respect where is the health regulations
@mykolapolataiko7403,Definitely only wearing gloves for you Sonny! Look at them toes!!!!!
@ericconnor7801,"It&#39;s so sad that what we in America consider an underdeveloped country care enough to feed the poor people who need it but we , the greatest country in the world can&#39;t do this."
@Drew.Murdaugh,it seems that the factory kitchens  NETT hygiene standards than the street food
@GautamYadav-jb7xw,Where is J&amp;K ????? Dts very offensive. . Plz don&#39;t so that....ğŸ˜¢
@JustMe-t9g,Amazing it is indeed..much love.. respect ğŸ’™ğŸ™ğŸ¾ğŸ’–
@giyaasibrahim1806,Hygiene is next levelğŸ˜‚ğŸ˜‚ğŸ˜‚
@BlackDogBBQ,"Not just in India. In every Sikh temple across the world, every lunch they feed those who want it."
@sezfar1232,"Bro its not cheap, ITS FREE MAN"
@hrishikeshsarma738,him: &quot;bad samosa is that uses bad potato&quot;<br>him: proceeds using green potatos
@arihantjain2902,Please correct indian map
@ericmorrison278,"God, I love this so much. Cooking is one of my favorite things, especially if it serves others. I worked multiple fast food services, and at each one, I cultivated a following of people who would only come in if I was working. I took my service role as an opportunity to try changing the vibes at most fast-food stores. I knew if I ever were to run my own restaurant, I would help those in need with food. This stuff they do in India is fucking awesome. That&#39;s real unity there."
@anu235,"Hey Sunny, do you have a Pakistani or Chinese video editor, as you are showing an incorrect map of India in your video? As an Indian, I can see this is totally incorrect."
@caymanjoe2527,"The potato pealing machine, is what we call the catering industry a rumbler.."
@taniasteyn4078,The US has a lot to learn.
@SabbirIslam-pb1bl,the cleanest indian food i have ever seen
@BexiAF,What they do is amazing. I hope to see more videos like this charity work and factories.
@bababab991,I was looking for somewhere to spoil my gf for our anniversary ğŸ‘
@khareldn,I was shocked that Sonny didn&#39;t know about &#39;bottle gourd&#39; or &#39;water gourd&#39; and pronounced it as water guard. ğŸ˜±
@MondayMorning-yv7nf,........ if you had put such videos on your India channel.............
@dntansrqs1341,India is the dirtiest country on earth
@Asymmetrical-Saggin,Slop
@dudeilligence6441,Really specifying the &quot;never before used oil&quot; and the hygiene- absolutely sponsored lol
@epilepticquenga1161,Bandana wearing head ass lol
@Peilis,"This food supportğŸ¥¬ğŸ¥¦ comes from Europe if not for it, those unemployed lazy bums would have died a long time ago <a href=""UCkszU2WH9gy1mb0dV-11UJg/oPgfY_DoKfSXkNAPq8-AgAo""></a><a href=""UCkszU2WH9gy1mb0dV-11UJg/oPgfY_DoKfSXkNAPq8-AgAo""></a>"
@mentat1341,Not just a voice over? Sunny actually went to India??? lol he is 2 years behind his own channel
@Scarhead_Ed,Title 4dwelfare cowards. Everything else is a byproduct
@mohitram6922,"India celebrates all kinds of vegetables like no other, so complex flavoured dishes yet not a single ounce of meat ğŸ‘."
@tahajudmalam1579,spoon fork n sunni after taste behind the scene is a secret n prohibited for the viewers reaction.
@Thuglife-qg8ei,Bro next time eat samosa with chatni or chana
@andrewall3193,One thing about Indian food to noteâ€¦. Itâ€™s always well seasoned
@melissadunton3534,"Excellent. I love seeing a spotlight being shown on the clean and hygienic food that is available in India. And of course seeing how much the charity does with feeding ppl was just beautiful. <br>We need something like that in the US. Iâ€™m a frequent flyer in the hospital and the amount of money spent on food by my loved ones over the years is ridiculous. Most hospitals will allow you ONE tray for a family member. Itâ€™s not free, it still get billed to you. Nothing in America is free. But if theyâ€™re charging it to your insurance anyway I donâ€™t see why you canâ€™t order as many extra trays as youâ€™d like. Itâ€™s all politics. We would be so much better off with a charity like thisâ€¦to come in to hospitals and serve up a free or even extremely discounted meal."
@saumyasrg,India is an experience
@Chef_Kordian,jesus that is the most hygienic place in india i think xd
@DoubleToxic,Welcome to Indiaâ¤â¤â¤
@bmw_za,FYI drumstick = okra
@menkros1,Sweet
@animal1853,"Whats the song name <a href=""https://www.youtube.com/watch?v=fu7hB_8kgcI&amp;t=802"">13:22</a>?????"
@zsjangello,Sonny: Seeeeasoning is not an English word ğŸ˜…
@virtualhotline,"stop promoting this awful country, also sonny is falling off bro needs to up his game"
@Muthomigi,"This is the longest I&#39;ve waited for Sonny to upload a video,"
@tsheposos,"<a href=""https://www.youtube.com/watch?v=fu7hB_8kgcI&amp;t=122"">2:02</a> this kitchen is so dirty ğŸ˜­"
@aniket9761,"with such a great editing team, please get the Indian map corrected @<a href=""https://www.youtube.com/watch?v=fu7hB_8kgcI&amp;t=60"">1:00</a> timestamp."
@Suikage,"<a href=""https://www.youtube.com/watch?v=fu7hB_8kgcI&amp;t=615"">10:15</a> the only reason I know about that spice is because Tasting History with Max Miller ğŸ˜…"
@LODOMARNDI-o4u,This asshxxx need views from India
@jabbsy96,You could not pay me to go to this country.
@sADYc,"The plate is nothing like we eat in the North-West Europe, we have a limit, per household, when frozen pizza is on discount. Our frozen pizza is exactly how it sounds: something with no resemblance to real ingredients. It costs 5$ per 550g and is often discounted to 3$. This is what means to be rich, not eating real food and way overpay for it!ğŸ˜… (for my Indian friends, I am being sarcastic, the plate and food looks absolutely amazing and seeing how is made it makes me happy  for you and really sad for me; more vitamin D please, summer should be here, in about 5 months from now)ğŸ˜‚"
@tonyduncan9852,I hope the Indians can help the English.  ğŸ˜
@Ed___1234,With a kitchen like that itâ€™s no wonder they are all skinny. Theyâ€™re all sh***ing their brains out constantly.
@EdwardCarloni,Spoons.??
@artislandbarbados7268,Well done Sonny! Great work man. Highlighting humanity
@FunLovingCriminal_JB,This is humanity at its finest â¤
@walidjayyousi2874,Ø¬ÙˆÙ„Ø© Ø¬Ù…ÙŠÙ„Ø© Ø¬Ø¯Ø§ Ø´ÙƒØ±Ø§ Ù„ÙƒÙ…
@mordfustang3794,And comes the ignorant and rac1st wh1te people and pakistanis....
@joshuad2189,This is clearly a Prasadam. Hare Krshna! Hare Rama!
@arunthakur1708,Please correct indianğŸ˜¢ map. This is  disrespectful to show distort map of our country.
@kiansan,"<a href=""https://www.youtube.com/watch?v=fu7hB_8kgcI&amp;t=179"">2:59</a> Thanks for reminding, but he doesn&#39;t care"
@Naltddesha,A country of 1 billion people. Who need to stay right where there are.
@maheshkumarnayak8883,"<a href=""https://www.youtube.com/watch?v=fu7hB_8kgcI&amp;t=60"">1:00</a> why there is a wrong Indian map thatâ€™s disrespectful"
@erendurak4654,The AI artwork is so cringe - please stop.
@jessetellez1734,Great to have you back!
@adamdallas5391,"<a href=""https://www.youtube.com/watch?v=fu7hB_8kgcI&amp;t=543"">9:03</a> ğŸ˜‚ğŸ˜‚ğŸ˜‚ğŸ˜‚"
@jarceevenus,That drumstick is a moringa fruit
@petejablowski2123,Safest place to eat in the whole country guaranteed
@Gremlack13,Sambar is one of my favorite Indian dishes. <br>I love the hell out of the dosa to continue and like idli as well. <br>My wife makes it just like we had it in southern India visiting her family.
@MrGibbie2210,"Amazing content, more amazing is how their government can fund and front these companies to produce a staple meal for thousands for free. Everyone looks happy and healthy. Well done Sonny for bringing this to our screens."
@sowemove26,Where you been??? ğŸ¤¨
@apriljoymontepio7418,Finallllllly! ğŸ‰ HAHAHAHA been waiting for years. ğŸ˜‚ğŸ˜‚ Thanks sonny and team. ğŸ«°
@PaleHorseO.o,I use my bathroom hand to eat this.
@Vileboost,White Americans would never allow this in America
@nishantpatil483,"Samosa Empire, bois"
@jc-tu6pg,How many times did sonny get diarrhea?
@buzzlightyear7752,"The hospital in this video is KEM Hospital in Mumbai, where I did my residency from.<br>N I still live behind KEM Hospital. I wonder, how did i miss a chance to meet sonny.."
@thestarseeker8196,"Thank you so much for going into some of what contributes to the math needed to conjure these huge vats, thinking about the logistics was making my ğŸ§  hurt"
@___ooobodybagooo___,But their sanitation and crime is terrible
@eunji_editss,"hi! I saw you in hoi an, vietnam today. Thank you!"
@avonan,Seing people whos way of life is wiping their behind with their bare hands and then go on to make FOOD without gloves is not for me man. Especially when the food looks like what they excrete. Godspeed
@jurriaanvanderlinden3605,"This is beautiful. I was very surprised to see how hygienic they work in the big factory. They came a long way. Thank you for taking us with you, SonnyğŸ™ğŸ»ğŸ’œ"
@RobertVonSeiffenstein,"2 cents feed 16,000 people... you are nuts..."
@Picit-13,Bless them!
@mokisan,That charity thing is awesome
@chefahi1299,"Sonny, please dismiss the â€œgotcha-anti AI/psuedo-intellectual hygiene nerdsâ€ and the supposed self-congratulatory experts on all things food. People being fed on that scale, with that much care, even if it is on an industrial scale, is truly a blessing. Good stuff my man. ğŸ™"
@patient_6925,Mmmm mass produced curry slop in a trash can
@petervu7230,Hygiene is illegal there
@srikantshetty893,Thane â¤
@hanny4545,bro is sponsored by samosa
@thestarseeker8196,Millions of people and I just need one wife ğŸ˜” ğŸª¦
@susan_elizabeth,The charity kitchen is so inspiring! ğŸ”¥ ğŸ™ğŸ”¥
@shinigamiusagi4463,Everyone in the first restaurant looks so lost. I love it.ğŸ˜‚ğŸ˜‚
@lordquinnward,these charity kitchens are doing amazing work id honestly love to one day travel to india just to help with one of these places. cooking is a passion and i love giving back
@bisis499,Delete
@theuser6969,good morning sir
@likewise_a_realist,Good God this guy showed the wrong map of India. Excluding the northern state.
@FonFreeze,very well peeled potatoes :D
@jessicaleblanc-nh1yl,"This video offered me a little bit of hope to add to my already overflowing vessel of it. Love your energy, humor &amp; creativity. It shows those that you are around that you are a good one. Sincere appreciations. ğŸŒ¿ğŸŒºğŸŒ¿"
@klavdy,Hygiene is illegal in India.
@SarthakRauts,"If you wanna have the best samosa, it should be Gurukripa, Sion, Mumbai samosa, they have the best samosa, nothing competes"
@robertslusher3116,Wow. Why the hell cant USA copy
@smaug9833,"Green peas don&#39;t go well with samosas. Roasted peanuts are far better. Finally, a samosa chain that does it well."
@AmericaFirst-Texan,Barefoot guy making samosas.
@Raftic,The goofy edit of combined pictures still better than that samosa kingdom picture :)
@jerisergedunphy,That &quot;drumstick&quot; looked like okra
@ThinkfreeorDie,"<a href=""https://www.youtube.com/watch?v=fu7hB_8kgcI&amp;t=870"">14:30</a> Big bags of what now?"
@xxxibntsy,this video might change the world&#39;s mind. every restaurant and their staff looks hygiene when preparing the food!
@ahmadhamimthohari2652,Indonesian Government really need to see this
@Reapersbunny,Holy cow the dude moved fast
@Saksham-zz4rj,Nice
@nukeracer3906,"Could you clarify the price? Using the link provided, it says a $100 donation only provides 2 meals. $50 each is much more than $0.02 each."
@CatmanToxo,Amazing resourcful people
@Frebbyy,Looks like its good for the immune system ğŸ˜‚ğŸ˜‚
@MRlebellion,Stop using AI slop
@jerisergedunphy,I uesd one of those potatoe tumblers for years at a seafood restaurant i worked at
@leadlacedanarchy9341,And now you wonder why they crap in the streets
@deadzio,"<a href=""https://www.youtube.com/watch?v=fu7hB_8kgcI&amp;t=410"">06:50</a> what religion/believes does to people is beyond stupidity."
@paparoti4006,Pag Pag Manila crew
@Jay-su2gl,The wait is over! We have Indian series coming â¤
@polarfamily6222,I know someone who&#39;s been in the hospital for doing stupid stuff like that to their diet. We do not need that.
@KOOL_DUDE56778,"<a href=""https://www.youtube.com/watch?v=fu7hB_8kgcI&amp;t=104"">1:44</a> I JUST SAW A GREEN POTATO THAT AIN&#39;T SAFE FOR CONSUMPTION!!!!"
@AB78,I love what India is doing ğŸ«¶
@ShaunLevett,The only country where you can eat as much as you want and come home 30kg lighter. ğŸš½
@Laurencetw,many of commenters here have channels that are only 3 hours old. very sus.
@jojogalit2750,Wow after 2 weeks finally Sonny came alive anyway itâ€™s good to see your video again Sonny welcome back ğŸ‘ğŸ‘ğŸ‘
@annunakian8054,"<a href=""https://www.youtube.com/watch?v=fu7hB_8kgcI&amp;t=115"">1:55</a> potato noodity ğŸ™ˆğŸ¥”"
@1LotusNoir,What a disgusting country.
@BobaPhettamine,Indians talking about hygiene  is the funniest thing ever with their dirty ass kitchen and machinery that&#39;s probably never been  cleaned and is rusty and the main seasoning  being blood and sweat.
@jacobfoster9185,I got horrified looks from every one of my students for carrying buttermilk ranch to dip these into ğŸ˜‚
@Karamelaki,He finally went there ğŸ˜‚â¤â¤â¤
@AVALINEWills,I love BEFRS I LOVE INDIA. ğŸ‡®ğŸ‡³ I LOVE EVERYONE  READING THIS â¤â¤
@ashleyzviitei,Hey Sonny...watching from South Africa ğŸ‡¿ğŸ‡¦.
@solusvoid4283,much love from Australia!
@Chavez-no5vk,Like ooooooof
@ummigalau,ğŸ˜‹
@LucaFloreaUA,Please. Stop putting AI generated &quot;content&quot; in the videos. It&#39;s highly distasteful to say the least.
@jacobfoster9185,Absolutely NOTHING in India looks hygienic ğŸ˜‚<br>ğŸ™ I apologize. I stand corrected by this charity kitchen
@OctaviusHallstrom,So many sEASONings!!
@TimK2646,Samosa filling guy is so amazing!!!  He&#39;s a &quot;WRAP-MAN!!!&quot;. TBF the whole team there is amazing.
@oli7711,Well ğŸ’©ğŸ˜³ğŸ˜‚
@Cicero_Artifon,"<a href=""https://www.youtube.com/watch?v=fu7hB_8kgcI&amp;t=1100"">18:20</a> double dipping"
@yogeshbhimani4699,Nice food for india ğŸ‡®ğŸ‡³ my fevret is samosa love from India very nice sonny
@Adasiek532,they can feed a whole town with that
@Official_Aaman,Bro that samosa room was nasty ğŸ¤¢
@SamuelTostetsi,Wen are you coming back to South Africa ğŸ‡¿ğŸ‡¦â¤
@toothpick8858,i wanna see sonny eat that food from that dude from instagram thats always angry and serves some slob in leaves.
@Sam_kothari,First video of year
@michellevonsenden1306,Here&#39;s $2 to feed $160k thanks Sonny
@AB78,lolğŸ˜‚ I was like why is he using a poop emoji
@jacobrev6567,Yay Sonny is back to India food
@snegglederlickton1637,my butt hurts
@valok14,"Samosa without chutney ğŸ˜®ğŸ˜®ğŸ˜® <a href=""https://www.youtube.com/watch?v=fu7hB_8kgcI&amp;t=495"">8:15</a> ğŸ˜¢ğŸ˜¢ğŸ˜¢ğŸ˜¢ğŸ˜¢"
@thor9517,"My last two visits to an Indian restaurant ended up with me getting food poisoning. One thing is for sure, I love their food, but I would never visit India and eat their food there. I would probably die."
@cloverhunter8083,Toaster
@iyot1020,wow indian food can be made clean???
@-SarahElizabeth-,I thought you deleted this channel????
@albertonestone417,The world does NOT need any more Indian food ğŸ˜­ğŸ˜­ğŸ˜­
@Mexishark909,"I salute whatever toilet you are using on this trip sir! I also doubt this is India I see hairnets and gloves....Also they are mixing things with spoons and stuff, again Indians traditionally only use their hands to mix everything."
@Bloodroot5,Do they not care about hygiene? Surely paying someone to clean it will cost next to nothing. This is shockingly dirty.
@NostalgiaforInfinity,"<a href=""https://www.youtube.com/watch?v=fu7hB_8kgcI&amp;t=56"">00:56</a> What the hell is that map? Why is the state of Jammu and Kashmir omitted from it? Who paid you to run this subversion?"
@centimeter2777,"That&#39;s not India, that&#39;s somewhere hygienic"
@afterrburnerr,stop using the wrong map of india . this is highly offensive
@seanpabayos9099,Aint no way those 2 nacho things feed 16k people
@Daisy_912,Finally. You are in India ğŸ˜…
@Bananayeah,"Damn shame how this turned up on my feed just as I decided it was bedtime, I guess Iâ€™m not sleeping XD"
@TubeDupe,That&#39;s just $0.00000125 per mouth. Impressive.
@subhrajitghosh-sc5ki,Wassup sonny love from india ğŸ‡®ğŸ‡³â¤ï¸â€ğŸ”¥â¤ï¸â€ğŸ”¥
@olawoleoyedele4212,great video! love the ending
@JeSuisHulk,The shop never been any cleaner. It was cleaned just for you.
@Mellow6996,I clicked to make sure this wasn&#39;t a voice-over ğŸ˜‚
@benjaminberkey2920,Finally some new content.
@echosimplee,hello!
@whoswho826,"go ask for the indian scam centers to pitch in for everything they stole , there is like hundreds of centers in india specialy made to scam money from usa"
@The-Xtryme,Sonny make for us a video abt  an ostrich Gizzard
@tonggu2379,How&#39;s your assh*le feel right now my friend. Are they still good?ğŸ˜‚ğŸ˜‚ğŸ˜‚
@gujizuye,No 13
@Krutamuzyka,"I have never been this early for anything, which might explain why I keep getting fired."
@kahfi8501,â¤
@Iamdevmike,Amazing
@kariukipaul8165,Am happy to be the first to comment from ğŸ‡°ğŸ‡ª
@josephflores8597,First ğŸ¥‡
@babyboy808,Good video Sonny boy!
